review_id,brand,chipset,vram_gb,star_rating,label,review_text
S001,GIGABYTE,RTX 4090,24,5,GOOD,"Absolute beast of a card. Runs Cyberpunk at max settings with ray tracing on and stays under 65C. Fans are quiet even under full load. Highly recommend if your power supply can handle it."
S002,ASUS,RTX 4070,12,5,GOOD,"Easy install, works great out of the box. DLSS 3 frame generation is basically free performance. Temps run cool and I have not heard any coil whine so far."
S003,MSI,RTX 4060,8,4,GOOD,"Great value card for 1080p gaming. Runs every game I own at high settings. Only minor complaint is the software feels bloated, but the hardware itself is solid."
S004,GIGABYTE,RTX 4080,16,1,BAD,"Card arrived dead on arrival. No display output at all, tested on two different systems and power supplies. Now dealing with the return process which has been slow and frustrating."
S005,ASUS,RTX 4090,24,2,BAD,"Terrible coil whine under load. It is louder than my entire fan setup and completely audible through headphones. For a card this expensive that is unacceptable. Considering a refund."
S006,MSI,RTX 4070,12,5,GOOD,"Upgraded from a 1080 Ti and the difference is night and day. Frame rates doubled at 1440p. Card is quiet, runs cool, and fits my mid tower case with room to spare."
S007,GIGABYTE,RTX 4060,8,3,BAD,"Performance is fine but the card started crashing after a driver update. Rolling back fixed it but I should not have to babysit drivers on a new card."
S008,ASUS,RTX 4080,16,5,GOOD,"Silent operation, incredible ray tracing performance, and the build quality feels premium. VRAM headroom makes it future proof for 4K gaming."
S009,MSI,RTX 4090,24,1,BAD,"Second unit with the same problem: severe coil whine and thermal throttling under sustained load. Customer service was unhelpful and the RMA process took three weeks. Returning for a refund."
S010,GIGABYTE,RTX 4070,12,4,GOOD,"Solid 1440p card. Form factor is compact enough for small builds. Make sure your case has clearance though, some versions of this card are surprisingly large."
S011,ASUS,RTX 4060,8,2,BAD,"Card works but the advertised boost clock is misleading. It also requires an adapter cable that was not included. Feels overpriced for what you actually get."
S012,MSI,RTX 4080,16,5,GOOD,"Flawless so far. Runs every game at ultra settings at 4K with DLSS. Memory temps stay reasonable and the fan curve is well tuned out of the box."
S013,GIGABYTE,RTX 4090,24,5,GOOD,"The performance is unreal. Blender renders that took minutes now take seconds. Gaming at 4K max settings is effortless. Worth every penny for work and play."
S014,ASUS,RTX 4070,12,1,BAD,"Faulty unit. Random black screens and artifacts within the first week. Amazon return was easy but I expected better quality control at this price point."
S015,MSI,RTX 4060,8,4,GOOD,"Perfect budget card for my first build. Installation was simple, drivers installed without issues, and it runs cool and quiet. Great entry point for PC gaming."
